"Station","Period","Years","Completeness","Drought_Events","Total_Drought_Days","Avg_Duration"
"08JA015","ENTIRE PERIOD","1976-2023",98.65389002966,110,9627,87.5181818181818
"08JB002","ENTIRE PERIOD","1929-2024",78.8016198950491,59,27239,461.677966101695
"08JC001","ENTIRE PERIOD","1915-2024",67.0964209268754,100,31464,314.64
"08JC002","ENTIRE PERIOD","1950-2024",99.5619478717967,71,21279,299.704225352113
"08JC005","ENTIRE PERIOD","1960-1974",91.8963314473444,23,3878,168.608695652174
"08JE001","ENTIRE PERIOD","1929-2024",95.8532968286562,55,27554,500.981818181818
"08JE004","ENTIRE PERIOD","1975-2024",97.4593440289109,97,13445,138.60824742268
