LakeID,LakeName,LakeArea,TypeName,Dryland,Trend,TrendPval,TrendErr,Notrend,Domidriver,IsRunoff,Modelagree,ModelR2,PrecSeason,SediRate,SediLoss,SediLossEr,NReservoir,TrendOri,TrendOriPv,Hydropower,InsituVali,ReguNatura
683,Takla,245.91,Natural lake,0,0.0011243489,0.57550585,0.005228328,1,NA,NA,1,0.0390212,Oct,0,0,0,0,0.0011243489,0.57550585,NA,NA,NA
1449,NA,115.67,Natural lake,0,0.0021932634,0.6489867,0.015261308,1,NA,NA,0,0,Oct,0,0,0,0,0.0021932634,0.6489867,NA,NA,NA
494,Stuart,357.88,Natural lake,0,-0.004243846,0.1745293,0.010381761,1,NA,NA,1,0.193479,Oct,0,0,0,0,-0.004243846,0.1745293,NA,NA,NA
694,NA,253.03,Natural lake,0,0.0036591411,0.59661222,0.012587018,1,NA,NA,1,0.416688,Oct,0,0,0,0,0.0036591411,0.59661222,NA,NA,NA
707,Eutsuk,250.32,Natural lake,0,-0.0057563434,0.022206126,0.005991663,0,Precipitation-and-runoff,NA,1,0.0748589,Oct,0,0,0,0,-0.0057563434,0.022206126,NA,NA,NA
211,Kenney,0,Reservoir,0,-0.14127343,0.37255824,1.19307460485,1,NA,-99,-99,-99,NA,0.244,-0.0581974983215,0,0,-0.0830759033561,0.580678999424,1,0,0
